CaseID,Utterance,Split,Noise,NominalSNR_dB,Method,InputSNR_dB,OutputSNR_dB,SNRImprovement_dB,STOI,Runtime_s,NoiseVariation_dB,PeakAbsolute,ProxySpeechMissFraction,ProxyNonSpeechFalseAlarmFraction,UpdateOnSpeechProxyFraction,NoiseUpdateFraction
sp01_car_0dB,sp01,development,car,0,unprocessed,-0.532643284015246,-0.532643284015246,0,0.602659992632317,NaN,2.46150646031882,0.351715087890625,NaN,NaN,NaN,NaN
sp01_car_0dB,sp01,development,car,0,fixed,-0.532643284015246,7.66763544263783,8.20027872665307,0.609298190871339,0.023464,2.46150646031882,0.325566477432563,0.265895953757225,0.0188679245283019,0,0
sp01_car_0dB,sp01,development,car,0,vad,-0.532643284015246,5.99107856462322,6.52372184863846,0.605079897751517,0.020209,2.46150646031882,0.312738936432946,0.398843930635838,0,0.398843930635838,0.605947955390335
sp01_car_5dB,sp01,development,car,5,unprocessed,4.53392961404049,4.53392961404049,0,0.709560175556763,NaN,2.79087672990229,0.342071533203125,NaN,NaN,NaN,NaN
sp01_car_5dB,sp01,development,car,5,fixed,4.53392961404049,10.1454428282789,5.61151321423839,0.732351609009394,0.021267,2.79087672990229,0.315399867145939,0.271676300578035,0.0188679245283019,0,0
sp01_car_5dB,sp01,development,car,5,vad,4.53392961404049,9.87615047794367,5.34222086390318,0.719301899001147,0.02333,2.79087672990229,0.314558104116805,0.260115606936416,0.264150943396226,0.260115606936416,0.449814126394052
sp01_car_10dB,sp01,development,car,10,unprocessed,9.42808242278373,9.42808242278373,0,0.838113883615653,NaN,3.94020364399216,0.33612060546875,NaN,NaN,NaN,NaN
sp01_car_10dB,sp01,development,car,10,fixed,9.42808242278373,12.6090407547604,3.18095833197669,0.823567506518958,0.02296,3.94020364399216,0.340707294384574,0.0520231213872832,0.509433962264151,0,0
sp01_car_10dB,sp01,development,car,10,vad,9.42808242278373,12.924194976313,3.49611255352923,0.81842048816541,0.022961,3.94020364399216,0.340932406863607,0.0520231213872832,0.30188679245283,0.0520231213872832,0.271375464684015
sp01_car_15dB,sp01,development,car,15,unprocessed,14.5239826587895,14.5239826587895,0,0.929100102404287,NaN,2.28416772236182,0.33648681640625,NaN,NaN,NaN,NaN
sp01_car_15dB,sp01,development,car,15,fixed,14.5239826587895,17.5479619601981,3.02397930140867,0.925541814422587,0.018869,2.28416772236182,0.343133426993328,0.0635838150289017,0.169811320754717,0,0
sp01_car_15dB,sp01,development,car,15,vad,14.5239826587895,17.3635902695485,2.83960761075899,0.914652924095371,0.01877,2.28416772236182,0.342445941695578,0.0635838150289017,0.169811320754717,0.0635838150289017,0.308550185873606
sp01_street_0dB,sp01,development,street,0,unprocessed,-0.523904524147694,-0.523904524147694,0,0.583602995485649,NaN,3.37128201271493,0.4534912109375,NaN,NaN,NaN,NaN
sp01_street_0dB,sp01,development,street,0,fixed,-0.523904524147694,6.5200481747065,7.0439526988542,0.558090107233052,0.018725,3.37128201271493,0.291451761870337,0.317919075144509,0.113207547169811,0,0
sp01_street_0dB,sp01,development,street,0,vad,-0.523904524147694,5.65063523123614,6.17453975538383,0.56310633468424,0.018255,3.37128201271493,0.286660483705746,0.369942196531792,0.0377358490566038,0.369942196531792,0.565055762081784
sp01_street_5dB,sp01,development,street,5,unprocessed,4.3580220227584,4.3580220227584,0,0.742245176622523,NaN,9.01948651106336,0.337890625,NaN,NaN,NaN,NaN
sp01_street_5dB,sp01,development,street,5,fixed,4.3580220227584,5.88161715012373,1.52359512736533,0.737994781479711,0.021764,9.01948651106336,0.344113601904583,0,0.924528301886792,0,0
sp01_street_5dB,sp01,development,street,5,vad,4.3580220227584,5.86307852372442,1.50505650096602,0.737652120371682,0.021134,9.01948651106336,0.343303963952957,0,0.924528301886792,0,0.0185873605947955
sp01_street_10dB,sp01,development,street,10,unprocessed,9.69645521854457,9.69645521854457,0,0.888890059544175,NaN,12.6679272949517,0.3543701171875,NaN,NaN,NaN,NaN
sp01_street_10dB,sp01,development,street,10,fixed,9.69645521854457,10.7061131212869,1.00965790274229,0.824176833144935,0.018286,12.6679272949517,0.337929832039481,0.15606936416185,0.0566037735849057,0,0
sp01_street_10dB,sp01,development,street,10,vad,9.69645521854457,11.5113607062612,1.81490548771663,0.83452567059973,0.018602,12.6679272949517,0.337742572250981,0.104046242774566,0.169811320754717,0.104046242774566,0.360594795539033
sp01_street_15dB,sp01,development,street,15,unprocessed,14.4327733611192,14.4327733611192,0,0.920297399428282,NaN,6.36323830671735,0.339019775390625,NaN,NaN,NaN,NaN
sp01_street_15dB,sp01,development,street,15,fixed,14.4327733611192,17.0232070154899,2.59043365437069,0.915938262051967,0.01921,6.36323830671735,0.343777923015226,0.023121387283237,0.867924528301887,0,0
sp01_street_15dB,sp01,development,street,15,vad,14.4327733611192,17.9314997914937,3.49872643037447,0.912030472099899,0.024537,6.36323830671735,0.343968174379613,0.046242774566474,0.735849056603774,0.046242774566474,0.178438661710037
sp06_car_0dB,sp06,evaluation,car,0,unprocessed,-0.567380096376024,-0.567380096376024,0,0.702054327232958,NaN,2.30750039047582,0.454925537109375,NaN,NaN,NaN,NaN
sp06_car_0dB,sp06,evaluation,car,0,fixed,-0.567380096376024,6.00050046951415,6.56788056589018,0.693987943046528,0.022211,2.30750039047582,0.332857216231971,0.572289156626506,0,0,0
sp06_car_0dB,sp06,evaluation,car,0,vad,-0.567380096376024,5.56976107735115,6.13714117372717,0.695068392358484,0.021293,2.30750039047582,0.33497307955138,0.548192771084337,0,0.548192771084337,0.707692307692308
sp06_car_5dB,sp06,evaluation,car,5,unprocessed,4.36801565122684,4.36801565122684,0,0.75883701380632,NaN,4.09438094880982,0.406341552734375,NaN,NaN,NaN,NaN
sp06_car_5dB,sp06,evaluation,car,5,fixed,4.36801565122684,8.43148997386275,4.06347432263591,0.737871748506931,0.021661,4.09438094880982,0.392237923195988,0.132530120481928,0.0172413793103448,0,0
sp06_car_5dB,sp06,evaluation,car,5,vad,4.36801565122684,8.71336213974866,4.34534648852182,0.733275756905753,0.019374,4.09438094880982,0.39091114180053,0.13855421686747,0.0172413793103448,0.13855421686747,0.426923076923077
sp06_car_10dB,sp06,evaluation,car,10,unprocessed,10.0413093411183,10.0413093411183,0,0.883954633275676,NaN,3.58719867503223,0.402618408203125,NaN,NaN,NaN,NaN
sp06_car_10dB,sp06,evaluation,car,10,fixed,10.0413093411183,10.9188240057383,0.877514664620019,0.842263725235036,0.022362,3.58719867503223,0.397910757664373,0.536144578313253,0,0,0
sp06_car_10dB,sp06,evaluation,car,10,vad,10.0413093411183,12.9459073763317,2.90459803521339,0.858222843445447,0.022259,3.58719867503223,0.405384340854546,0.174698795180723,0.172413793103448,0.174698795180723,0.423076923076923
sp06_car_15dB,sp06,evaluation,car,15,unprocessed,14.4159141758335,14.4159141758335,0,0.939020258564431,NaN,2.18906748107621,0.383697509765625,NaN,NaN,NaN,NaN
sp06_car_15dB,sp06,evaluation,car,15,fixed,14.4159141758335,18.1608702288322,3.74495605299863,0.941671773258105,0.018621,2.18906748107621,0.383933177515352,0.0542168674698795,0.172413793103448,0,0
sp06_car_15dB,sp06,evaluation,car,15,vad,14.4159141758335,17.8903472652634,3.47443308942992,0.929274291390272,0.01811,2.18906748107621,0.388829651649577,0.0481927710843374,0.155172413793103,0.0481927710843374,0.311538461538462
sp06_street_0dB,sp06,evaluation,street,0,unprocessed,-0.50612016841428,-0.50612016841428,0,0.731105536157275,NaN,10.1130638712974,0.495452880859375,NaN,NaN,NaN,NaN
sp06_street_0dB,sp06,evaluation,street,0,fixed,-0.50612016841428,4.81533067784788,5.32145084626216,0.718503403351928,0.018229,10.1130638712974,0.385056590647163,0.620481927710843,0.155172413793103,0,0
sp06_street_0dB,sp06,evaluation,street,0,vad,-0.50612016841428,5.09531764001301,5.60143780842729,0.71654295483624,0.017955,10.1130638712974,0.391510452452592,0.506024096385542,0.155172413793103,0.506024096385542,0.65
sp06_street_5dB,sp06,evaluation,street,5,unprocessed,4.37277948354857,4.37277948354857,0,0.750488375942657,NaN,3.47471859496131,0.412994384765625,NaN,NaN,NaN,NaN
sp06_street_5dB,sp06,evaluation,street,5,fixed,4.37277948354857,9.79343659900248,5.42065711545391,0.750126072069098,0.018671,3.47471859496131,0.419259039037197,0.162650602409639,0.327586206896552,0,0
sp06_street_5dB,sp06,evaluation,street,5,vad,4.37277948354857,9.8973570348663,5.52457755131774,0.740498841340269,0.01791,3.47471859496131,0.416304340954047,0.253012048192771,0.189655172413793,0.253012048192771,0.457692307692308
sp06_street_10dB,sp06,evaluation,street,10,unprocessed,9.57584081988275,9.57584081988275,0,0.909775194497073,NaN,8.39718269935331,0.40130615234375,NaN,NaN,NaN,NaN
sp06_street_10dB,sp06,evaluation,street,10,fixed,9.57584081988275,13.2045353976877,3.62869457780492,0.901173315147726,0.022135,8.39718269935331,0.405871447578259,0.22289156626506,0.137931034482759,0,0
sp06_street_10dB,sp06,evaluation,street,10,vad,9.57584081988275,12.8314247432056,3.25558392332281,0.895219033342749,0.021799,8.39718269935331,0.407999657086689,0.120481927710843,0.241379310344828,0.120481927710843,0.284615384615385
sp06_street_15dB,sp06,evaluation,street,15,unprocessed,14.4615684057165,14.4615684057165,0,0.9347073961472,NaN,2.76853113626732,0.38421630859375,NaN,NaN,NaN,NaN
sp06_street_15dB,sp06,evaluation,street,15,fixed,14.4615684057165,17.2015911455176,2.74002273980108,0.927073313488263,0.022271,2.76853113626732,0.400904387902433,0.0843373493975904,0.137931034482759,0,0
sp06_street_15dB,sp06,evaluation,street,15,vad,14.4615684057165,16.9933261583585,2.53175775264203,0.911601507457775,0.022182,2.76853113626732,0.409791194671258,0.0843373493975904,0.120689655172414,0.0843373493975904,0.361538461538462
sp11_car_0dB,sp11,evaluation,car,0,unprocessed,-0.454379165977424,-0.454379165977424,0,0.501194153245333,NaN,4.5795383970228,0.650146484375,NaN,NaN,NaN,NaN
sp11_car_0dB,sp11,evaluation,car,0,fixed,-0.454379165977424,3.87318680456957,4.327565970547,0.495457383415261,0.022772,4.5795383970228,0.534071013521467,0.397058823529412,0.0689655172413793,0,0
sp11_car_0dB,sp11,evaluation,car,0,vad,-0.454379165977424,4.39066555430025,4.84504472027768,0.49177812892384,0.018767,4.5795383970228,0.524539277493928,0.397058823529412,0.0517241379310345,0.397058823529412,0.535714285714286
sp11_car_5dB,sp11,evaluation,car,5,unprocessed,4.59023044925638,4.59023044925638,0,0.692405282691509,NaN,2.65145400910016,0.51904296875,NaN,NaN,NaN,NaN
sp11_car_5dB,sp11,evaluation,car,5,fixed,4.59023044925638,9.92242895324208,5.3321985039857,0.729649089777122,0.018895,2.65145400910016,0.54899637608565,0.313725490196078,0.0172413793103448,0,0
sp11_car_5dB,sp11,evaluation,car,5,vad,4.59023044925638,9.18389424946689,4.59366380021051,0.694453546689959,0.018782,2.65145400910016,0.541974352702089,0.284313725490196,0.206896551724138,0.284313725490196,0.421428571428571
sp11_car_10dB,sp11,evaluation,car,10,unprocessed,10.1577273723677,10.1577273723677,0,0.82492653766235,NaN,3.39208720003406,0.533294677734375,NaN,NaN,NaN,NaN
sp11_car_10dB,sp11,evaluation,car,10,fixed,10.1577273723677,11.5582175101056,1.40049013773786,0.808839557169111,0.022923,3.39208720003406,0.549879087230539,0.387254901960784,0.0172413793103448,0,0
sp11_car_10dB,sp11,evaluation,car,10,vad,10.1577273723677,12.4957891746097,2.33806180224201,0.802492227538325,0.023078,3.39208720003406,0.552949685122364,0.196078431372549,0.0517241379310345,0.196078431372549,0.389285714285714
sp11_car_15dB,sp11,evaluation,car,15,unprocessed,14.5039171112223,14.5039171112223,0,0.892763377551819,NaN,4.14095173909433,0.546600341796875,NaN,NaN,NaN,NaN
sp11_car_15dB,sp11,evaluation,car,15,fixed,14.5039171112223,16.6419333482641,2.13801623704177,0.902412734570075,0.023131,4.14095173909433,0.562427925447387,0.00490196078431373,0.775862068965517,0,0
sp11_car_15dB,sp11,evaluation,car,15,vad,14.5039171112223,16.9958310127891,2.49191390156679,0.898277247934569,0.023087,4.14095173909433,0.563526067065095,0.00490196078431373,0.620689655172414,0.00490196078431373,0.107142857142857
sp11_street_0dB,sp11,evaluation,street,0,unprocessed,-0.525984332174058,-0.525984332174058,0,0.607479179274173,NaN,8.84417849436816,0.648162841796875,NaN,NaN,NaN,NaN
sp11_street_0dB,sp11,evaluation,street,0,fixed,-0.525984332174058,3.50060884710865,4.0265931792827,0.612089786064746,0.019296,8.84417849436816,0.566490317602392,0.137254901960784,0.46551724137931,0,0
sp11_street_0dB,sp11,evaluation,street,0,vad,-0.525984332174058,2.44663690233911,2.97262123451317,0.601479969982506,0.018853,8.84417849436816,0.5628897770328,0.122549019607843,0.551724137931034,0.122549019607843,0.214285714285714
sp11_street_5dB,sp11,evaluation,street,5,unprocessed,5.1717345196367,5.1717345196367,0,0.726176716700001,NaN,10.190468773144,0.60198974609375,NaN,NaN,NaN,NaN
sp11_street_5dB,sp11,evaluation,street,5,fixed,5.1717345196367,6.00234137070851,0.830606851071815,0.69009350638897,0.018353,10.190468773144,0.520242906825068,0.764705882352941,0,0,0
sp11_street_5dB,sp11,evaluation,street,5,vad,5.1717345196367,6.89925427946908,1.72751975983238,0.690168515709634,0.018454,10.190468773144,0.500313037526059,0.441176470588235,0.0172413793103448,0.441176470588235,0.575
sp11_street_10dB,sp11,evaluation,street,10,unprocessed,10.4199527828941,10.4199527828941,0,0.884410975266737,NaN,12.397943626405,0.590301513671875,NaN,NaN,NaN,NaN
sp11_street_10dB,sp11,evaluation,street,10,fixed,10.4199527828941,9.53695801809568,-0.882994764798433,0.805702843340827,0.022761,12.397943626405,0.568987294368425,0.509803921568627,0,0,0
sp11_street_10dB,sp11,evaluation,street,10,vad,10.4199527828941,10.3023626425159,-0.117590140378171,0.816769830056691,0.022932,12.397943626405,0.561701334355589,0.28921568627451,0.0517241379310345,0.28921568627451,0.457142857142857
sp11_street_15dB,sp11,evaluation,street,15,unprocessed,14.6914730038145,14.6914730038145,0,0.885346165692274,NaN,5.04753448819567,0.541717529296875,NaN,NaN,NaN,NaN
sp11_street_15dB,sp11,evaluation,street,15,fixed,14.6914730038145,15.6737498182388,0.982276814424363,0.869176599045693,0.023136,5.04753448819567,0.558164836203244,0.053921568627451,0.120689655172414,0,0
sp11_street_15dB,sp11,evaluation,street,15,vad,14.6914730038145,15.7724679477289,1.08099494391449,0.86566809521135,0.022969,5.04753448819567,0.559349505928408,0.0294117647058824,0.189655172413793,0.0294117647058824,0.239285714285714
sp16_car_0dB,sp16,development,car,0,unprocessed,-0.953908968127132,-0.953908968127132,0,0.729774950548865,NaN,2.29719143613599,0.643524169921875,NaN,NaN,NaN,NaN
sp16_car_0dB,sp16,development,car,0,fixed,-0.953908968127132,7.43086090250803,8.38476987063516,0.747918330899979,0.019767,2.29719143613599,0.535597211424865,0.418181818181818,0.0512820512820513,0,0
sp16_car_0dB,sp16,development,car,0,vad,-0.953908968127132,6.9702174599545,7.92412642808163,0.724601409582833,0.019345,2.29719143613599,0.498743230563735,0.427272727272727,0.0512820512820513,0.427272727272727,0.65
sp16_car_5dB,sp16,development,car,5,unprocessed,4.08194728268921,4.08194728268921,0,0.800810219011142,NaN,2.13664499525584,0.60357666015625,NaN,NaN,NaN,NaN
sp16_car_5dB,sp16,development,car,5,fixed,4.08194728268921,10.9510742805944,6.86912699790522,0.821291882643933,0.01618,2.13664499525584,0.573384481829681,0.318181818181818,0.0512820512820513,0,0
sp16_car_5dB,sp16,development,car,5,vad,4.08194728268921,10.7757524861906,6.69380520350134,0.794817390613186,0.015843,2.13664499525584,0.546827891902612,0.363636363636364,0.0512820512820513,0.363636363636364,0.622727272727273
sp16_car_10dB,sp16,development,car,10,unprocessed,9.01808881673246,9.01808881673246,0,0.862235732444629,NaN,5.40334864433068,0.59820556640625,NaN,NaN,NaN,NaN
sp16_car_10dB,sp16,development,car,10,fixed,9.01808881673246,12.9057847646532,3.88769594792076,0.887209475101394,0.019705,5.40334864433068,0.583321131679656,0.254545454545455,0.230769230769231,0,0
sp16_car_10dB,sp16,development,car,10,vad,9.01808881673246,12.9709823846721,3.95289356793959,0.877804676055034,0.019282,5.40334864433068,0.57302055425711,0.272727272727273,0.230769230769231,0.272727272727273,0.481818181818182
sp16_car_15dB,sp16,development,car,15,unprocessed,14.0527320208046,14.0527320208046,0,0.911167084534718,NaN,2.78063398628414,0.579833984375,NaN,NaN,NaN,NaN
sp16_car_15dB,sp16,development,car,15,fixed,14.0527320208046,18.8003714337108,4.74763941290623,0.948153002887626,0.019737,2.78063398628414,0.585262008663851,0.0454545454545455,0.346153846153846,0,0
sp16_car_15dB,sp16,development,car,15,vad,14.0527320208046,18.2974123229288,4.24468030212419,0.940981023749149,0.019445,2.78063398628414,0.583701470053868,0.0636363636363636,0.256410256410256,0.0636363636363636,0.372727272727273
sp16_street_0dB,sp16,development,street,0,unprocessed,-1.01480119671721,-1.01480119671721,0,0.731422077797398,NaN,4.86571930377723,0.891510009765625,NaN,NaN,NaN,NaN
sp16_street_0dB,sp16,development,street,0,fixed,-1.01480119671721,2.79980859108354,3.81460978780075,0.712722689934112,0.01638,4.86571930377723,0.736067031919121,0.2,0.512820512820513,0,0
sp16_street_0dB,sp16,development,street,0,vad,-1.01480119671721,4.16272481868742,5.17752601540463,0.709407924399477,0.016238,4.86571930377723,0.727952802942858,0.218181818181818,0.371794871794872,0.218181818181818,0.427272727272727
sp16_street_5dB,sp16,development,street,5,unprocessed,4.05437829700808,4.05437829700808,0,0.775737711069703,NaN,5.36690856506273,0.5927734375,NaN,NaN,NaN,NaN
sp16_street_5dB,sp16,development,street,5,fixed,4.05437829700808,10.1352576122683,6.08087931526022,0.778058251412371,0.015976,5.36690856506273,0.565016905079715,0.254545454545455,0.205128205128205,0,0
sp16_street_5dB,sp16,development,street,5,vad,4.05437829700808,10.3238993716935,6.2695210746854,0.762465293058319,0.016493,5.36690856506273,0.553587052931264,0.345454545454545,0.0641025641025641,0.345454545454545,0.604545454545454
sp16_street_10dB,sp16,development,street,10,unprocessed,9.4225134245082,9.4225134245082,0,0.855825259710008,NaN,8.08797560610036,0.574951171875,NaN,NaN,NaN,NaN
sp16_street_10dB,sp16,development,street,10,fixed,9.4225134245082,11.4963823468834,2.07386892237522,0.86035925173722,0.015927,8.08797560610036,0.570786439065357,0.318181818181818,0.128205128205128,0,0
sp16_street_10dB,sp16,development,street,10,vad,9.4225134245082,12.5756390966259,3.15312567211774,0.867140169396743,0.015679,8.08797560610036,0.565555863108116,0.290909090909091,0.141025641025641,0.290909090909091,0.522727272727273
sp16_street_15dB,sp16,development,street,15,unprocessed,14.0104162447928,14.0104162447928,0,0.913091926457919,NaN,4.83520754325154,0.592071533203125,NaN,NaN,NaN,NaN
sp16_street_15dB,sp16,development,street,15,fixed,14.0104162447928,16.7406236262272,2.73020738143435,0.945236859337043,0.019641,4.83520754325154,0.595865588172319,0.0454545454545455,0.538461538461538,0,0
sp16_street_15dB,sp16,development,street,15,vad,14.0104162447928,17.0565013924772,3.04608514768437,0.9418649644374,0.019489,4.83520754325154,0.597173554876051,0.0545454545454545,0.435897435897436,0.0545454545454545,0.304545454545455
sp21_car_0dB,sp21,evaluation,car,0,unprocessed,-0.526002213946666,-0.526002213946666,0,0.60137221815995,NaN,2.71969707725742,0.395538330078125,NaN,NaN,NaN,NaN
sp21_car_0dB,sp21,evaluation,car,0,fixed,-0.526002213946666,5.19171268457566,5.71771489852233,0.595700119672159,0.026821,2.71969707725742,0.29470494711191,0.438095238095238,0,0,0
sp21_car_0dB,sp21,evaluation,car,0,vad,-0.526002213946666,4.9851824879959,5.51118470194256,0.600059981090336,0.025987,2.71969707725742,0.253353564941311,0.442857142857143,0,0.442857142857143,0.636094674556213
sp21_car_5dB,sp21,evaluation,car,5,unprocessed,4.40871979193054,4.40871979193054,0,0.749389047954799,NaN,4.10499239203702,0.38214111328125,NaN,NaN,NaN,NaN
sp21_car_5dB,sp21,evaluation,car,5,fixed,4.40871979193054,7.83298248656468,3.42426269463414,0.754199880222212,0.026635,4.10499239203702,0.359842347829697,0.128571428571429,0.388059701492537,0,0
sp21_car_5dB,sp21,evaluation,car,5,vad,4.40871979193054,7.99721392327915,3.58849413134861,0.744545707000349,0.021989,4.10499239203702,0.341023920786105,0.195238095238095,0.283582089552239,0.195238095238095,0.399408284023669
sp21_car_10dB,sp21,evaluation,car,10,unprocessed,9.40715480040452,9.40715480040452,0,0.838153628022268,NaN,2.65065440950148,0.338470458984375,NaN,NaN,NaN,NaN
sp21_car_10dB,sp21,evaluation,car,10,fixed,9.40715480040452,13.3751627683493,3.96800796794477,0.846353270183949,0.026616,2.65065440950148,0.327846337959942,0.019047619047619,0.462686567164179,0,0
sp21_car_10dB,sp21,evaluation,car,10,vad,9.40715480040452,13.271256694778,3.86410189437345,0.846697370670561,0.025573,2.65065440950148,0.321120086902895,0.0714285714285714,0.17910447761194,0.0714285714285714,0.340236686390533
sp21_car_15dB,sp21,evaluation,car,15,unprocessed,14.4688054675997,14.4688054675997,0,0.941916207185928,NaN,2.14737666664215,0.350006103515625,NaN,NaN,NaN,NaN
sp21_car_15dB,sp21,evaluation,car,15,fixed,14.4688054675997,16.9357940409633,2.46698857336365,0.930959846173845,0.026739,2.14737666664215,0.334061360993073,0.0285714285714286,0.0895522388059701,0,0
sp21_car_15dB,sp21,evaluation,car,15,vad,14.4688054675997,16.9267795057021,2.4579740381024,0.929450190178962,0.026589,2.14737666664215,0.341437776443668,0.0285714285714286,0.104477611940299,0.0285714285714286,0.310650887573964
sp21_street_0dB,sp21,evaluation,street,0,unprocessed,-0.572092951902222,-0.572092951902222,0,0.655689739529706,NaN,5.94329585967698,0.39495849609375,NaN,NaN,NaN,NaN
sp21_street_0dB,sp21,evaluation,street,0,fixed,-0.572092951902222,4.19793365678815,4.77002660869037,0.630675415391165,0.021559,5.94329585967698,0.265905635663607,0.138095238095238,0.164179104477612,0,0
sp21_street_0dB,sp21,evaluation,street,0,vad,-0.572092951902222,4.64329067094827,5.21538362285049,0.640979359716086,0.021203,5.94329585967698,0.254584097621487,0.142857142857143,0.313432835820896,0.142857142857143,0.325443786982249
sp21_street_5dB,sp21,evaluation,street,5,unprocessed,4.39888415064871,4.39888415064871,0,0.730990350929862,NaN,7.01970110585406,0.35699462890625,NaN,NaN,NaN,NaN
sp21_street_5dB,sp21,evaluation,street,5,fixed,4.39888415064871,8.21149662064694,3.81261246999823,0.731327688648206,0.021347,7.01970110585406,0.316891643976643,0.0714285714285714,0.283582089552239,0,0
sp21_street_5dB,sp21,evaluation,street,5,vad,4.39888415064871,8.61092947639706,4.21204532574834,0.721041479138284,0.021199,7.01970110585406,0.311056233924657,0.0714285714285714,0.283582089552239,0.0714285714285714,0.251479289940828
sp21_street_10dB,sp21,evaluation,street,10,unprocessed,9.35591270483129,9.35591270483129,0,0.897452137795585,NaN,10.9556271773833,0.334808349609375,NaN,NaN,NaN,NaN
sp21_street_10dB,sp21,evaluation,street,10,fixed,9.35591270483129,10.9503796124621,1.59446690763084,0.902636189842404,0.021779,10.9556271773833,0.327296253394265,0.019047619047619,0.925373134328358,0,0
sp21_street_10dB,sp21,evaluation,street,10,vad,9.35591270483129,11.6631905533687,2.30727784853739,0.896167972221475,0.022009,10.9556271773833,0.32451120000158,0.0238095238095238,0.850746268656716,0.0238095238095238,0.103550295857988
sp21_street_15dB,sp21,evaluation,street,15,unprocessed,14.4194098880276,14.4194098880276,0,0.949318178530966,NaN,6.0274964853906,0.34356689453125,NaN,NaN,NaN,NaN
sp21_street_15dB,sp21,evaluation,street,15,fixed,14.4194098880276,16.9022531906134,2.48284330258573,0.941373800463264,0.021734,6.0274964853906,0.335477119197841,0.0142857142857143,0.462686567164179,0,0
sp21_street_15dB,sp21,evaluation,street,15,vad,14.4194098880276,16.8814092181566,2.46199933012895,0.939086197493638,0.02148,6.0274964853906,0.335631057155219,0.0142857142857143,0.417910447761194,0.0142857142857143,0.162721893491124
sp26_car_0dB,sp26,evaluation,car,0,unprocessed,-0.288552042611711,-0.288552042611711,0,0.720569001478955,NaN,2.18136239753239,0.46527099609375,NaN,NaN,NaN,NaN
sp26_car_0dB,sp26,evaluation,car,0,fixed,-0.288552042611711,6.08526107603652,6.37381311864824,0.746392610554973,0.017274,2.18136239753239,0.428602551892016,0.555555555555556,0,0,0
sp26_car_0dB,sp26,evaluation,car,0,vad,-0.288552042611711,5.07537131243436,5.36392335504607,0.722736501855229,0.01701,2.18136239753239,0.410106430099625,0.666666666666667,0,0.666666666666667,0.729957805907173
sp26_car_5dB,sp26,evaluation,car,5,unprocessed,4.68029278779439,4.68029278779439,0,0.803206166891558,NaN,3.01526028096324,0.462890625,NaN,NaN,NaN,NaN
sp26_car_5dB,sp26,evaluation,car,5,fixed,4.68029278779439,9.13009287547968,4.4498000876853,0.824710640913305,0.017925,3.01526028096324,0.467790651210701,0.148148148148148,0.4,0,0
sp26_car_5dB,sp26,evaluation,car,5,vad,4.68029278779439,8.77760229124945,4.09730950345507,0.80349020571905,0.017079,3.01526028096324,0.462649662821274,0.164021164021164,0.05,0.164021164021164,0.282700421940928
sp26_car_10dB,sp26,evaluation,car,10,unprocessed,9.74680262215517,9.74680262215517,0,0.920188145303138,NaN,2.35604484495388,0.463226318359375,NaN,NaN,NaN,NaN
sp26_car_10dB,sp26,evaluation,car,10,fixed,9.74680262215517,12.2629098926255,2.51610727047031,0.924493981199628,0.020584,2.35604484495388,0.473211399927217,0.111111111111111,0.05,0,0
sp26_car_10dB,sp26,evaluation,car,10,vad,9.74680262215517,12.3268560264341,2.58005340427897,0.916015512706794,0.020476,2.35604484495388,0.470865929815747,0.0687830687830688,0.05,0.0687830687830688,0.219409282700422
sp26_car_15dB,sp26,evaluation,car,15,unprocessed,14.6955564766651,14.6955564766651,0,0.964019922895866,NaN,2.20091767294421,0.457275390625,NaN,NaN,NaN,NaN
sp26_car_15dB,sp26,evaluation,car,15,fixed,14.6955564766651,16.7023763855282,2.00681990886307,0.967164362121627,0.020699,2.20091767294421,0.463862766893795,0.0211640211640212,0.15,0,0
sp26_car_15dB,sp26,evaluation,car,15,vad,14.6955564766651,16.2663659139993,1.57080943733414,0.959959700083907,0.020611,2.20091767294421,0.470672860575531,0.0264550264550265,0.1,0.0264550264550265,0.164556962025316
sp26_street_0dB,sp26,evaluation,street,0,unprocessed,0.175101824483985,0.175101824483985,0,0.794620490551803,NaN,13.1523464312579,0.534759521484375,NaN,NaN,NaN,NaN
sp26_street_0dB,sp26,evaluation,street,0,fixed,0.175101824483985,3.59689586096106,3.42179403647707,0.732401362400796,0.020324,13.1523464312579,0.289576364977946,0.873015873015873,0,0,0
sp26_street_0dB,sp26,evaluation,street,0,vad,0.175101824483985,3.78284773975326,3.60774591526927,0.775635967171956,0.020466,13.1523464312579,0.346646299567811,0.751322751322751,0,0.751322751322751,0.79746835443038
sp26_street_5dB,sp26,evaluation,street,5,unprocessed,4.85079387076513,4.85079387076513,0,0.832561367538544,NaN,13.4130633905979,0.53961181640625,NaN,NaN,NaN,NaN
sp26_street_5dB,sp26,evaluation,street,5,fixed,4.85079387076513,7.30004376286627,2.44924989210114,0.80307274709721,0.020692,13.4130633905979,0.508331246858075,0.465608465608466,0,0,0
sp26_street_5dB,sp26,evaluation,street,5,vad,4.85079387076513,6.75008556617014,1.89929169540501,0.797684432319722,0.021032,13.4130633905979,0.497583223438384,0.507936507936508,0,0.507936507936508,0.594936708860759
sp26_street_10dB,sp26,evaluation,street,10,unprocessed,9.69095475353382,9.69095475353382,0,0.901454132505883,NaN,6.00917538199985,0.4681396484375,NaN,NaN,NaN,NaN
sp26_street_10dB,sp26,evaluation,street,10,fixed,9.69095475353382,10.8078085716832,1.11685381814936,0.886926463619163,0.020599,6.00917538199985,0.485293557040348,0.0634920634920635,0.2,0,0
sp26_street_10dB,sp26,evaluation,street,10,vad,9.69095475353382,10.8513802239831,1.16042547044925,0.887338687077299,0.020315,6.00917538199985,0.493068381708294,0.0529100529100529,0.3,0.0529100529100529,0.160337552742616
sp26_street_15dB,sp26,evaluation,street,15,unprocessed,15.3334569784259,15.3334569784259,0,0.982418530797522,NaN,11.4827641448403,0.45623779296875,NaN,NaN,NaN,NaN
sp26_street_15dB,sp26,evaluation,street,15,fixed,15.3334569784259,12.796485169561,-2.53697180886486,0.944231447283765,0.017054,11.4827641448403,0.47681365316601,0.201058201058201,0,0,0
sp26_street_15dB,sp26,evaluation,street,15,vad,15.3334569784259,13.374225566228,-1.95923141219788,0.937535019745878,0.019189,11.4827641448403,0.472843346174224,0.121693121693122,0.05,0.121693121693122,0.261603375527426
